timeStamp,elapsed,label,responseCode,responseMessage,threadName,dataType,success,failureMessage,bytes,sentBytes,grpThreads,allThreads,URL,Latency,IdleTime,Connect
1762914847658,384,HTTP Request,200,OK,Thread Group 1-1,text,true,,1242,314,4,4,https://3zo6j8gdsb.execute-api.us-east-1.amazonaws.com/prod/test,161,0,115
1762914847658,161,HTTP Request-0,301,Moved Permanently,Thread Group 1-1,text,true,,605,157,4,4,http://3zo6j8gdsb.execute-api.us-east-1.amazonaws.com/prod/test,161,0,115
1762914847820,222,HTTP Request-1,200,OK,Thread Group 1-1,text,true,,637,157,4,4,https://3zo6j8gdsb.execute-api.us-east-1.amazonaws.com/prod/test,222,0,95
1762914847763,339,HTTP Request,200,OK,Thread Group 1-2,text,true,,1242,314,4,4,https://3zo6j8gdsb.execute-api.us-east-1.amazonaws.com/prod/test,88,0,44
1762914847763,88,HTTP Request-0,301,Moved Permanently,Thread Group 1-2,text,true,,605,157,4,4,http://3zo6j8gdsb.execute-api.us-east-1.amazonaws.com/prod/test,88,0,44
1762914847852,250,HTTP Request-1,200,OK,Thread Group 1-2,text,true,,637,157,4,4,https://3zo6j8gdsb.execute-api.us-east-1.amazonaws.com/prod/test,250,0,92
1762914847863,309,HTTP Request,200,OK,Thread Group 1-3,text,true,,1242,314,4,4,https://3zo6j8gdsb.execute-api.us-east-1.amazonaws.com/prod/test,97,0,48
1762914847863,97,HTTP Request-0,301,Moved Permanently,Thread Group 1-3,text,true,,605,157,4,4,http://3zo6j8gdsb.execute-api.us-east-1.amazonaws.com/prod/test,97,0,48
1762914847960,212,HTTP Request-1,200,OK,Thread Group 1-3,text,true,,637,157,4,4,https://3zo6j8gdsb.execute-api.us-east-1.amazonaws.com/prod/test,212,0,92
1762914847963,306,HTTP Request,200,OK,Thread Group 1-4,text,true,,1242,314,4,4,https://3zo6j8gdsb.execute-api.us-east-1.amazonaws.com/prod/test,93,0,47
1762914847963,93,HTTP Request-0,301,Moved Permanently,Thread Group 1-4,text,true,,605,157,4,4,http://3zo6j8gdsb.execute-api.us-east-1.amazonaws.com/prod/test,93,0,47
1762914848057,212,HTTP Request-1,200,OK,Thread Group 1-4,text,true,,637,157,4,4,https://3zo6j8gdsb.execute-api.us-east-1.amazonaws.com/prod/test,212,0,91
1762914848062,306,HTTP Request,200,OK,Thread Group 1-5,text,true,,1242,314,4,4,https://3zo6j8gdsb.execute-api.us-east-1.amazonaws.com/prod/test,91,0,45
1762914848062,91,HTTP Request-0,301,Moved Permanently,Thread Group 1-5,text,true,,605,157,4,4,http://3zo6j8gdsb.execute-api.us-east-1.amazonaws.com/prod/test,91,0,45
1762914848153,215,HTTP Request-1,200,OK,Thread Group 1-5,text,true,,637,157,4,4,https://3zo6j8gdsb.execute-api.us-east-1.amazonaws.com/prod/test,214,0,94
1762914848258,322,HTTP Request,200,OK,Thread Group 1-7,text,true,,1242,314,5,5,https://3zo6j8gdsb.execute-api.us-east-1.amazonaws.com/prod/test,93,0,46
1762914848258,93,HTTP Request-0,301,Moved Permanently,Thread Group 1-7,text,true,,605,157,5,5,http://3zo6j8gdsb.execute-api.us-east-1.amazonaws.com/prod/test,93,0,46
1762914848352,228,HTTP Request-1,200,OK,Thread Group 1-7,text,true,,637,157,5,5,https://3zo6j8gdsb.execute-api.us-east-1.amazonaws.com/prod/test,228,0,95
1762914848162,422,HTTP Request,200,OK,Thread Group 1-6,text,true,,1242,314,4,4,https://3zo6j8gdsb.execute-api.us-east-1.amazonaws.com/prod/test,93,0,46
1762914848162,93,HTTP Request-0,301,Moved Permanently,Thread Group 1-6,text,true,,605,157,4,4,http://3zo6j8gdsb.execute-api.us-east-1.amazonaws.com/prod/test,93,0,46
1762914848255,329,HTTP Request-1,200,OK,Thread Group 1-6,text,true,,637,157,4,4,https://3zo6j8gdsb.execute-api.us-east-1.amazonaws.com/prod/test,329,0,87
1762914848359,316,HTTP Request,200,OK,Thread Group 1-8,text,true,,1242,314,4,4,https://3zo6j8gdsb.execute-api.us-east-1.amazonaws.com/prod/test,81,0,41
1762914848359,81,HTTP Request-0,301,Moved Permanently,Thread Group 1-8,text,true,,605,157,4,4,http://3zo6j8gdsb.execute-api.us-east-1.amazonaws.com/prod/test,81,0,41
1762914848441,234,HTTP Request-1,200,OK,Thread Group 1-8,text,true,,637,157,4,4,https://3zo6j8gdsb.execute-api.us-east-1.amazonaws.com/prod/test,234,0,101
1762914848460,329,HTTP Request,200,OK,Thread Group 1-9,text,true,,1242,314,4,4,https://3zo6j8gdsb.execute-api.us-east-1.amazonaws.com/prod/test,104,0,52
1762914848460,104,HTTP Request-0,301,Moved Permanently,Thread Group 1-9,text,true,,605,157,4,4,http://3zo6j8gdsb.execute-api.us-east-1.amazonaws.com/prod/test,104,0,52
1762914848565,224,HTTP Request-1,200,OK,Thread Group 1-9,text,true,,637,157,4,4,https://3zo6j8gdsb.execute-api.us-east-1.amazonaws.com/prod/test,224,0,99
1762914848564,371,HTTP Request,200,OK,Thread Group 1-10,text,true,,1242,314,4,4,https://3zo6j8gdsb.execute-api.us-east-1.amazonaws.com/prod/test,85,0,43
1762914848564,85,HTTP Request-0,301,Moved Permanently,Thread Group 1-10,text,true,,605,157,4,4,http://3zo6j8gdsb.execute-api.us-east-1.amazonaws.com/prod/test,85,0,43
1762914848650,285,HTTP Request-1,200,OK,Thread Group 1-10,text,true,,637,157,4,4,https://3zo6j8gdsb.execute-api.us-east-1.amazonaws.com/prod/test,285,0,94
1762914848664,308,HTTP Request,200,OK,Thread Group 1-11,text,true,,1242,314,4,4,https://3zo6j8gdsb.execute-api.us-east-1.amazonaws.com/prod/test,92,0,46
1762914848664,92,HTTP Request-0,301,Moved Permanently,Thread Group 1-11,text,true,,605,157,4,4,http://3zo6j8gdsb.execute-api.us-east-1.amazonaws.com/prod/test,92,0,46
1762914848756,216,HTTP Request-1,200,OK,Thread Group 1-11,text,true,,637,157,4,4,https://3zo6j8gdsb.execute-api.us-east-1.amazonaws.com/prod/test,216,0,94
1762914848764,316,HTTP Request,200,OK,Thread Group 1-12,text,true,,1242,314,4,4,https://3zo6j8gdsb.execute-api.us-east-1.amazonaws.com/prod/test,91,0,45
1762914848764,91,HTTP Request-0,301,Moved Permanently,Thread Group 1-12,text,true,,605,157,4,4,http://3zo6j8gdsb.execute-api.us-east-1.amazonaws.com/prod/test,91,0,45
1762914848855,225,HTTP Request-1,200,OK,Thread Group 1-12,text,true,,637,157,4,4,https://3zo6j8gdsb.execute-api.us-east-1.amazonaws.com/prod/test,225,0,99
1762914848860,312,HTTP Request,200,OK,Thread Group 1-13,text,true,,1242,314,4,4,https://3zo6j8gdsb.execute-api.us-east-1.amazonaws.com/prod/test,90,0,45
1762914848860,90,HTTP Request-0,301,Moved Permanently,Thread Group 1-13,text,true,,605,157,4,4,http://3zo6j8gdsb.execute-api.us-east-1.amazonaws.com/prod/test,90,0,45
1762914848951,221,HTTP Request-1,200,OK,Thread Group 1-13,text,true,,637,157,4,4,https://3zo6j8gdsb.execute-api.us-east-1.amazonaws.com/prod/test,221,0,98
1762914848963,307,HTTP Request,200,OK,Thread Group 1-14,text,true,,1242,314,4,4,https://3zo6j8gdsb.execute-api.us-east-1.amazonaws.com/prod/test,92,0,46
1762914848963,92,HTTP Request-0,301,Moved Permanently,Thread Group 1-14,text,true,,605,157,4,4,http://3zo6j8gdsb.execute-api.us-east-1.amazonaws.com/prod/test,92,0,46
1762914849056,214,HTTP Request-1,200,OK,Thread Group 1-14,text,true,,637,157,4,4,https://3zo6j8gdsb.execute-api.us-east-1.amazonaws.com/prod/test,214,0,92
1762914849063,309,HTTP Request,200,OK,Thread Group 1-15,text,true,,1242,314,4,4,https://3zo6j8gdsb.execute-api.us-east-1.amazonaws.com/prod/test,90,0,45
1762914849063,90,HTTP Request-0,301,Moved Permanently,Thread Group 1-15,text,true,,605,157,4,4,http://3zo6j8gdsb.execute-api.us-east-1.amazonaws.com/prod/test,90,0,45
1762914849154,218,HTTP Request-1,200,OK,Thread Group 1-15,text,true,,637,157,4,4,https://3zo6j8gdsb.execute-api.us-east-1.amazonaws.com/prod/test,218,0,94
1762914849159,314,HTTP Request,200,OK,Thread Group 1-16,text,true,,1242,314,4,4,https://3zo6j8gdsb.execute-api.us-east-1.amazonaws.com/prod/test,93,0,46
1762914849159,93,HTTP Request-0,301,Moved Permanently,Thread Group 1-16,text,true,,605,157,4,4,http://3zo6j8gdsb.execute-api.us-east-1.amazonaws.com/prod/test,93,0,46
1762914849252,221,HTTP Request-1,200,OK,Thread Group 1-16,text,true,,637,157,4,4,https://3zo6j8gdsb.execute-api.us-east-1.amazonaws.com/prod/test,221,0,98
1762914849263,290,HTTP Request,200,OK,Thread Group 1-17,text,true,,1242,314,3,3,https://3zo6j8gdsb.execute-api.us-east-1.amazonaws.com/prod/test,89,0,45
1762914849263,89,HTTP Request-0,301,Moved Permanently,Thread Group 1-17,text,true,,605,157,3,3,http://3zo6j8gdsb.execute-api.us-east-1.amazonaws.com/prod/test,89,0,45
1762914849353,200,HTTP Request-1,200,OK,Thread Group 1-17,text,true,,637,157,3,3,https://3zo6j8gdsb.execute-api.us-east-1.amazonaws.com/prod/test,200,0,84
1762914849363,290,HTTP Request,200,OK,Thread Group 1-18,text,true,,1242,314,3,3,https://3zo6j8gdsb.execute-api.us-east-1.amazonaws.com/prod/test,83,0,41
1762914849363,83,HTTP Request-0,301,Moved Permanently,Thread Group 1-18,text,true,,605,157,3,3,http://3zo6j8gdsb.execute-api.us-east-1.amazonaws.com/prod/test,83,0,41
1762914849447,206,HTTP Request-1,200,OK,Thread Group 1-18,text,true,,637,157,3,3,https://3zo6j8gdsb.execute-api.us-east-1.amazonaws.com/prod/test,206,0,87
1762914849464,308,HTTP Request,200,OK,Thread Group 1-19,text,true,,1242,314,4,4,https://3zo6j8gdsb.execute-api.us-east-1.amazonaws.com/prod/test,90,0,45
1762914849464,90,HTTP Request-0,301,Moved Permanently,Thread Group 1-19,text,true,,605,157,4,4,http://3zo6j8gdsb.execute-api.us-east-1.amazonaws.com/prod/test,90,0,45
1762914849555,217,HTTP Request-1,200,OK,Thread Group 1-19,text,true,,637,157,4,4,https://3zo6j8gdsb.execute-api.us-east-1.amazonaws.com/prod/test,217,0,92
1762914849560,316,HTTP Request,200,OK,Thread Group 1-20,text,true,,1242,314,4,4,https://3zo6j8gdsb.execute-api.us-east-1.amazonaws.com/prod/test,94,0,47
1762914849560,94,HTTP Request-0,301,Moved Permanently,Thread Group 1-20,text,true,,605,157,4,4,http://3zo6j8gdsb.execute-api.us-east-1.amazonaws.com/prod/test,94,0,47
1762914849655,221,HTTP Request-1,200,OK,Thread Group 1-20,text,true,,637,157,4,4,https://3zo6j8gdsb.execute-api.us-east-1.amazonaws.com/prod/test,221,0,99
1762914849663,309,HTTP Request,200,OK,Thread Group 1-21,text,true,,1242,314,4,4,https://3zo6j8gdsb.execute-api.us-east-1.amazonaws.com/prod/test,88,0,44
1762914849663,88,HTTP Request-0,301,Moved Permanently,Thread Group 1-21,text,true,,605,157,4,4,http://3zo6j8gdsb.execute-api.us-east-1.amazonaws.com/prod/test,88,0,44
1762914849751,221,HTTP Request-1,200,OK,Thread Group 1-21,text,true,,637,157,4,4,https://3zo6j8gdsb.execute-api.us-east-1.amazonaws.com/prod/test,221,0,97
1762914849864,312,HTTP Request,200,OK,Thread Group 1-23,text,true,,1242,314,5,5,https://3zo6j8gdsb.execute-api.us-east-1.amazonaws.com/prod/test,96,0,48
1762914849864,96,HTTP Request-0,301,Moved Permanently,Thread Group 1-23,text,true,,605,157,5,5,http://3zo6j8gdsb.execute-api.us-east-1.amazonaws.com/prod/test,96,0,48
1762914849961,215,HTTP Request-1,200,OK,Thread Group 1-23,text,true,,637,157,5,5,https://3zo6j8gdsb.execute-api.us-east-1.amazonaws.com/prod/test,215,0,88
1762914849764,429,HTTP Request,200,OK,Thread Group 1-22,text,true,,1242,314,4,4,https://3zo6j8gdsb.execute-api.us-east-1.amazonaws.com/prod/test,95,0,47
1762914849764,95,HTTP Request-0,301,Moved Permanently,Thread Group 1-22,text,true,,605,157,4,4,http://3zo6j8gdsb.execute-api.us-east-1.amazonaws.com/prod/test,95,0,47
1762914849860,333,HTTP Request-1,200,OK,Thread Group 1-22,text,true,,637,157,4,4,https://3zo6j8gdsb.execute-api.us-east-1.amazonaws.com/prod/test,333,0,95
1762914849964,309,HTTP Request,200,OK,Thread Group 1-24,text,true,,1242,314,4,4,https://3zo6j8gdsb.execute-api.us-east-1.amazonaws.com/prod/test,89,0,45
1762914849964,89,HTTP Request-0,301,Moved Permanently,Thread Group 1-24,text,true,,605,157,4,4,http://3zo6j8gdsb.execute-api.us-east-1.amazonaws.com/prod/test,89,0,45
1762914850054,219,HTTP Request-1,200,OK,Thread Group 1-24,text,true,,637,157,4,4,https://3zo6j8gdsb.execute-api.us-east-1.amazonaws.com/prod/test,219,0,97
1762914850064,304,HTTP Request,200,OK,Thread Group 1-25,text,true,,1242,314,4,4,https://3zo6j8gdsb.execute-api.us-east-1.amazonaws.com/prod/test,91,0,46
1762914850064,92,HTTP Request-0,301,Moved Permanently,Thread Group 1-25,text,true,,605,157,4,4,http://3zo6j8gdsb.execute-api.us-east-1.amazonaws.com/prod/test,91,0,46
1762914850156,212,HTTP Request-1,200,OK,Thread Group 1-25,text,true,,637,157,4,4,https://3zo6j8gdsb.execute-api.us-east-1.amazonaws.com/prod/test,212,0,92
1762914850164,312,HTTP Request,200,OK,Thread Group 1-26,text,true,,1242,314,4,4,https://3zo6j8gdsb.execute-api.us-east-1.amazonaws.com/prod/test,92,0,45
1762914850164,92,HTTP Request-0,301,Moved Permanently,Thread Group 1-26,text,true,,605,157,4,4,http://3zo6j8gdsb.execute-api.us-east-1.amazonaws.com/prod/test,92,0,45
1762914850256,220,HTTP Request-1,200,OK,Thread Group 1-26,text,true,,637,157,4,4,https://3zo6j8gdsb.execute-api.us-east-1.amazonaws.com/prod/test,220,0,96
1762914850263,315,HTTP Request,200,OK,Thread Group 1-27,text,true,,1242,314,4,4,https://3zo6j8gdsb.execute-api.us-east-1.amazonaws.com/prod/test,95,0,47
1762914850263,95,HTTP Request-0,301,Moved Permanently,Thread Group 1-27,text,true,,605,157,4,4,http://3zo6j8gdsb.execute-api.us-east-1.amazonaws.com/prod/test,95,0,47
1762914850359,219,HTTP Request-1,200,OK,Thread Group 1-27,text,true,,637,157,4,4,https://3zo6j8gdsb.execute-api.us-east-1.amazonaws.com/prod/test,219,0,97
1762914850363,302,HTTP Request,200,OK,Thread Group 1-28,text,true,,1242,314,4,4,https://3zo6j8gdsb.execute-api.us-east-1.amazonaws.com/prod/test,83,0,41
1762914850363,83,HTTP Request-0,301,Moved Permanently,Thread Group 1-28,text,true,,605,157,4,4,http://3zo6j8gdsb.execute-api.us-east-1.amazonaws.com/prod/test,83,0,41
1762914850447,218,HTTP Request-1,200,OK,Thread Group 1-28,text,true,,637,157,4,4,https://3zo6j8gdsb.execute-api.us-east-1.amazonaws.com/prod/test,218,0,98
1762914850464,309,HTTP Request,200,OK,Thread Group 1-29,text,true,,1242,314,4,4,https://3zo6j8gdsb.execute-api.us-east-1.amazonaws.com/prod/test,93,0,46
1762914850464,93,HTTP Request-0,301,Moved Permanently,Thread Group 1-29,text,true,,605,157,4,4,http://3zo6j8gdsb.execute-api.us-east-1.amazonaws.com/prod/test,93,0,46
1762914850557,216,HTTP Request-1,200,OK,Thread Group 1-29,text,true,,637,157,4,4,https://3zo6j8gdsb.execute-api.us-east-1.amazonaws.com/prod/test,216,0,95
1762914850558,307,HTTP Request,200,OK,Thread Group 1-30,text,true,,1242,314,4,4,https://3zo6j8gdsb.execute-api.us-east-1.amazonaws.com/prod/test,89,0,44
1762914850558,89,HTTP Request-0,301,Moved Permanently,Thread Group 1-30,text,true,,605,157,4,4,http://3zo6j8gdsb.execute-api.us-east-1.amazonaws.com/prod/test,89,0,44
1762914850648,217,HTTP Request-1,200,OK,Thread Group 1-30,text,true,,637,157,4,4,https://3zo6j8gdsb.execute-api.us-east-1.amazonaws.com/prod/test,217,0,93
1762914850664,323,HTTP Request,200,OK,Thread Group 1-31,text,true,,1242,314,4,4,https://3zo6j8gdsb.execute-api.us-east-1.amazonaws.com/prod/test,90,0,45
1762914850664,90,HTTP Request-0,301,Moved Permanently,Thread Group 1-31,text,true,,605,157,4,4,http://3zo6j8gdsb.execute-api.us-east-1.amazonaws.com/prod/test,90,0,45
1762914850755,232,HTTP Request-1,200,OK,Thread Group 1-31,text,true,,637,157,4,4,https://3zo6j8gdsb.execute-api.us-east-1.amazonaws.com/prod/test,232,0,98
1762914850762,306,HTTP Request,200,OK,Thread Group 1-32,text,true,,1242,314,4,4,https://3zo6j8gdsb.execute-api.us-east-1.amazonaws.com/prod/test,89,0,45
1762914850762,89,HTTP Request-0,301,Moved Permanently,Thread Group 1-32,text,true,,605,157,4,4,http://3zo6j8gdsb.execute-api.us-east-1.amazonaws.com/prod/test,89,0,45
1762914850852,216,HTTP Request-1,200,OK,Thread Group 1-32,text,true,,637,157,4,4,https://3zo6j8gdsb.execute-api.us-east-1.amazonaws.com/prod/test,216,0,92
1762914850857,309,HTTP Request,200,OK,Thread Group 1-33,text,true,,1242,314,4,4,https://3zo6j8gdsb.execute-api.us-east-1.amazonaws.com/prod/test,88,0,44
1762914850857,88,HTTP Request-0,301,Moved Permanently,Thread Group 1-33,text,true,,605,157,4,4,http://3zo6j8gdsb.execute-api.us-east-1.amazonaws.com/prod/test,88,0,44
1762914850945,221,HTTP Request-1,200,OK,Thread Group 1-33,text,true,,637,157,4,4,https://3zo6j8gdsb.execute-api.us-east-1.amazonaws.com/prod/test,221,0,93
1762914850962,289,HTTP Request,200,OK,Thread Group 1-34,text,true,,1242,314,3,3,https://3zo6j8gdsb.execute-api.us-east-1.amazonaws.com/prod/test,90,0,45
1762914850962,90,HTTP Request-0,301,Moved Permanently,Thread Group 1-34,text,true,,605,157,3,3,http://3zo6j8gdsb.execute-api.us-east-1.amazonaws.com/prod/test,90,0,45
1762914851052,199,HTTP Request-1,200,OK,Thread Group 1-34,text,true,,637,157,3,3,https://3zo6j8gdsb.execute-api.us-east-1.amazonaws.com/prod/test,199,0,84
1762914851062,323,HTTP Request,200,OK,Thread Group 1-35,text,true,,1242,314,4,4,https://3zo6j8gdsb.execute-api.us-east-1.amazonaws.com/prod/test,84,0,42
1762914851062,84,HTTP Request-0,301,Moved Permanently,Thread Group 1-35,text,true,,605,157,4,4,http://3zo6j8gdsb.execute-api.us-east-1.amazonaws.com/prod/test,84,0,42
1762914851146,239,HTTP Request-1,200,OK,Thread Group 1-35,text,true,,637,157,4,4,https://3zo6j8gdsb.execute-api.us-east-1.amazonaws.com/prod/test,239,0,116
1762914851165,314,HTTP Request,200,OK,Thread Group 1-36,text,true,,1242,314,4,4,https://3zo6j8gdsb.execute-api.us-east-1.amazonaws.com/prod/test,90,0,45
1762914851165,90,HTTP Request-0,301,Moved Permanently,Thread Group 1-36,text,true,,605,157,4,4,http://3zo6j8gdsb.execute-api.us-east-1.amazonaws.com/prod/test,90,0,45
1762914851255,224,HTTP Request-1,200,OK,Thread Group 1-36,text,true,,637,157,4,4,https://3zo6j8gdsb.execute-api.us-east-1.amazonaws.com/prod/test,224,0,99
1762914851259,341,HTTP Request,200,OK,Thread Group 1-37,text,true,,1242,314,4,4,https://3zo6j8gdsb.execute-api.us-east-1.amazonaws.com/prod/test,83,0,42
1762914851259,83,HTTP Request-0,301,Moved Permanently,Thread Group 1-37,text,true,,605,157,4,4,http://3zo6j8gdsb.execute-api.us-east-1.amazonaws.com/prod/test,83,0,42
1762914851342,258,HTTP Request-1,200,OK,Thread Group 1-37,text,true,,637,157,4,4,https://3zo6j8gdsb.execute-api.us-east-1.amazonaws.com/prod/test,258,0,93
1762914851364,308,HTTP Request,200,OK,Thread Group 1-38,text,true,,1242,314,4,4,https://3zo6j8gdsb.execute-api.us-east-1.amazonaws.com/prod/test,87,0,44
1762914851364,87,HTTP Request-0,301,Moved Permanently,Thread Group 1-38,text,true,,605,157,4,4,http://3zo6j8gdsb.execute-api.us-east-1.amazonaws.com/prod/test,87,0,44
1762914851452,220,HTTP Request-1,200,OK,Thread Group 1-38,text,true,,637,157,4,4,https://3zo6j8gdsb.execute-api.us-east-1.amazonaws.com/prod/test,220,0,98
1762914851464,306,HTTP Request,200,OK,Thread Group 1-39,text,true,,1242,314,4,4,https://3zo6j8gdsb.execute-api.us-east-1.amazonaws.com/prod/test,83,0,42
1762914851464,83,HTTP Request-0,301,Moved Permanently,Thread Group 1-39,text,true,,605,157,4,4,http://3zo6j8gdsb.execute-api.us-east-1.amazonaws.com/prod/test,83,0,42
1762914851548,222,HTTP Request-1,200,OK,Thread Group 1-39,text,true,,637,157,4,4,https://3zo6j8gdsb.execute-api.us-east-1.amazonaws.com/prod/test,222,0,98
1762914851563,318,HTTP Request,200,OK,Thread Group 1-40,text,true,,1242,314,4,4,https://3zo6j8gdsb.execute-api.us-east-1.amazonaws.com/prod/test,90,0,45
1762914851563,90,HTTP Request-0,301,Moved Permanently,Thread Group 1-40,text,true,,605,157,4,4,http://3zo6j8gdsb.execute-api.us-east-1.amazonaws.com/prod/test,90,0,45
1762914851653,228,HTTP Request-1,200,OK,Thread Group 1-40,text,true,,637,157,4,4,https://3zo6j8gdsb.execute-api.us-east-1.amazonaws.com/prod/test,228,0,98
1762914851663,308,HTTP Request,200,OK,Thread Group 1-41,text,true,,1242,314,4,4,https://3zo6j8gdsb.execute-api.us-east-1.amazonaws.com/prod/test,92,0,46
1762914851663,92,HTTP Request-0,301,Moved Permanently,Thread Group 1-41,text,true,,605,157,4,4,http://3zo6j8gdsb.execute-api.us-east-1.amazonaws.com/prod/test,92,0,46
1762914851755,216,HTTP Request-1,200,OK,Thread Group 1-41,text,true,,637,157,4,4,https://3zo6j8gdsb.execute-api.us-east-1.amazonaws.com/prod/test,216,0,95
1762914851763,316,HTTP Request,200,OK,Thread Group 1-42,text,true,,1242,314,4,4,https://3zo6j8gdsb.execute-api.us-east-1.amazonaws.com/prod/test,95,0,46
1762914851763,95,HTTP Request-0,301,Moved Permanently,Thread Group 1-42,text,true,,605,157,4,4,http://3zo6j8gdsb.execute-api.us-east-1.amazonaws.com/prod/test,95,0,46
1762914851859,220,HTTP Request-1,200,OK,Thread Group 1-42,text,true,,637,157,4,4,https://3zo6j8gdsb.execute-api.us-east-1.amazonaws.com/prod/test,220,0,96
1762914851860,315,HTTP Request,200,OK,Thread Group 1-43,text,true,,1242,314,4,4,https://3zo6j8gdsb.execute-api.us-east-1.amazonaws.com/prod/test,94,0,48
1762914851860,94,HTTP Request-0,301,Moved Permanently,Thread Group 1-43,text,true,,605,157,4,4,http://3zo6j8gdsb.execute-api.us-east-1.amazonaws.com/prod/test,94,0,48
1762914851955,220,HTTP Request-1,200,OK,Thread Group 1-43,text,true,,637,157,4,4,https://3zo6j8gdsb.execute-api.us-east-1.amazonaws.com/prod/test,220,0,97
1762914851959,308,HTTP Request,200,OK,Thread Group 1-44,text,true,,1242,314,4,4,https://3zo6j8gdsb.execute-api.us-east-1.amazonaws.com/prod/test,89,0,45
1762914851959,89,HTTP Request-0,301,Moved Permanently,Thread Group 1-44,text,true,,605,157,4,4,http://3zo6j8gdsb.execute-api.us-east-1.amazonaws.com/prod/test,89,0,45
1762914852049,218,HTTP Request-1,200,OK,Thread Group 1-44,text,true,,637,157,4,4,https://3zo6j8gdsb.execute-api.us-east-1.amazonaws.com/prod/test,218,0,92
1762914852064,312,HTTP Request,200,OK,Thread Group 1-45,text,true,,1242,314,4,4,https://3zo6j8gdsb.execute-api.us-east-1.amazonaws.com/prod/test,93,0,46
1762914852064,93,HTTP Request-0,301,Moved Permanently,Thread Group 1-45,text,true,,605,157,4,4,http://3zo6j8gdsb.execute-api.us-east-1.amazonaws.com/prod/test,93,0,46
1762914852157,219,HTTP Request-1,200,OK,Thread Group 1-45,text,true,,637,157,4,4,https://3zo6j8gdsb.execute-api.us-east-1.amazonaws.com/prod/test,219,0,95
1762914852163,303,HTTP Request,200,OK,Thread Group 1-46,text,true,,1242,314,4,4,https://3zo6j8gdsb.execute-api.us-east-1.amazonaws.com/prod/test,82,0,40
1762914852163,82,HTTP Request-0,301,Moved Permanently,Thread Group 1-46,text,true,,605,157,4,4,http://3zo6j8gdsb.execute-api.us-east-1.amazonaws.com/prod/test,82,0,40
1762914852245,221,HTTP Request-1,200,OK,Thread Group 1-46,text,true,,637,157,4,4,https://3zo6j8gdsb.execute-api.us-east-1.amazonaws.com/prod/test,221,0,97
1762914852260,328,HTTP Request,200,OK,Thread Group 1-47,text,true,,1242,314,4,4,https://3zo6j8gdsb.execute-api.us-east-1.amazonaws.com/prod/test,94,0,46
1762914852260,94,HTTP Request-0,301,Moved Permanently,Thread Group 1-47,text,true,,605,157,4,4,http://3zo6j8gdsb.execute-api.us-east-1.amazonaws.com/prod/test,94,0,46
1762914852355,233,HTTP Request-1,200,OK,Thread Group 1-47,text,true,,637,157,4,4,https://3zo6j8gdsb.execute-api.us-east-1.amazonaws.com/prod/test,233,0,103
1762914852361,307,HTTP Request,200,OK,Thread Group 1-48,text,true,,1242,314,4,4,https://3zo6j8gdsb.execute-api.us-east-1.amazonaws.com/prod/test,90,0,44
1762914852361,90,HTTP Request-0,301,Moved Permanently,Thread Group 1-48,text,true,,605,157,4,4,http://3zo6j8gdsb.execute-api.us-east-1.amazonaws.com/prod/test,90,0,44
1762914852452,216,HTTP Request-1,200,OK,Thread Group 1-48,text,true,,637,157,4,4,https://3zo6j8gdsb.execute-api.us-east-1.amazonaws.com/prod/test,216,0,92
1762914852460,307,HTTP Request,200,OK,Thread Group 1-49,text,true,,1242,314,4,4,https://3zo6j8gdsb.execute-api.us-east-1.amazonaws.com/prod/test,89,0,45
1762914852460,89,HTTP Request-0,301,Moved Permanently,Thread Group 1-49,text,true,,605,157,4,4,http://3zo6j8gdsb.execute-api.us-east-1.amazonaws.com/prod/test,89,0,45
1762914852550,217,HTTP Request-1,200,OK,Thread Group 1-49,text,true,,637,157,4,4,https://3zo6j8gdsb.execute-api.us-east-1.amazonaws.com/prod/test,217,0,95
1762914852563,314,HTTP Request,200,OK,Thread Group 1-50,text,true,,1242,314,4,4,https://3zo6j8gdsb.execute-api.us-east-1.amazonaws.com/prod/test,90,0,45
1762914852563,91,HTTP Request-0,301,Moved Permanently,Thread Group 1-50,text,true,,605,157,4,4,http://3zo6j8gdsb.execute-api.us-east-1.amazonaws.com/prod/test,90,0,45
1762914852654,223,HTTP Request-1,200,OK,Thread Group 1-50,text,true,,637,157,4,4,https://3zo6j8gdsb.execute-api.us-east-1.amazonaws.com/prod/test,223,0,100
1762914852663,303,HTTP Request,200,OK,Thread Group 1-51,text,true,,1242,314,4,4,https://3zo6j8gdsb.execute-api.us-east-1.amazonaws.com/prod/test,88,0,44
1762914852663,88,HTTP Request-0,301,Moved Permanently,Thread Group 1-51,text,true,,605,157,4,4,http://3zo6j8gdsb.execute-api.us-east-1.amazonaws.com/prod/test,88,0,44
1762914852751,215,HTTP Request-1,200,OK,Thread Group 1-51,text,true,,637,157,4,4,https://3zo6j8gdsb.execute-api.us-east-1.amazonaws.com/prod/test,215,0,86
1762914852762,307,HTTP Request,200,OK,Thread Group 1-52,text,true,,1242,314,4,4,https://3zo6j8gdsb.execute-api.us-east-1.amazonaws.com/prod/test,91,0,45
1762914852762,91,HTTP Request-0,301,Moved Permanently,Thread Group 1-52,text,true,,605,157,4,4,http://3zo6j8gdsb.execute-api.us-east-1.amazonaws.com/prod/test,91,0,45
1762914852853,216,HTTP Request-1,200,OK,Thread Group 1-52,text,true,,637,157,4,4,https://3zo6j8gdsb.execute-api.us-east-1.amazonaws.com/prod/test,216,0,93
1762914852863,321,HTTP Request,200,OK,Thread Group 1-53,text,true,,1242,314,4,4,https://3zo6j8gdsb.execute-api.us-east-1.amazonaws.com/prod/test,91,0,45
1762914852863,91,HTTP Request-0,301,Moved Permanently,Thread Group 1-53,text,true,,605,157,4,4,http://3zo6j8gdsb.execute-api.us-east-1.amazonaws.com/prod/test,91,0,45
1762914852955,229,HTTP Request-1,200,OK,Thread Group 1-53,text,true,,637,157,4,4,https://3zo6j8gdsb.execute-api.us-east-1.amazonaws.com/prod/test,229,0,94
1762914852964,317,HTTP Request,200,OK,Thread Group 1-54,text,true,,1242,314,4,4,https://3zo6j8gdsb.execute-api.us-east-1.amazonaws.com/prod/test,94,0,45
1762914852964,94,HTTP Request-0,301,Moved Permanently,Thread Group 1-54,text,true,,605,157,4,4,http://3zo6j8gdsb.execute-api.us-east-1.amazonaws.com/prod/test,94,0,45
1762914853059,222,HTTP Request-1,200,OK,Thread Group 1-54,text,true,,637,157,4,4,https://3zo6j8gdsb.execute-api.us-east-1.amazonaws.com/prod/test,222,0,91
1762914853063,303,HTTP Request,200,OK,Thread Group 1-55,text,true,,1242,314,4,4,https://3zo6j8gdsb.execute-api.us-east-1.amazonaws.com/prod/test,95,0,47
1762914853063,95,HTTP Request-0,301,Moved Permanently,Thread Group 1-55,text,true,,605,157,4,4,http://3zo6j8gdsb.execute-api.us-east-1.amazonaws.com/prod/test,95,0,47
1762914853159,207,HTTP Request-1,200,OK,Thread Group 1-55,text,true,,637,157,4,4,https://3zo6j8gdsb.execute-api.us-east-1.amazonaws.com/prod/test,207,0,87
1762914853161,305,HTTP Request,200,OK,Thread Group 1-56,text,true,,1242,314,4,4,https://3zo6j8gdsb.execute-api.us-east-1.amazonaws.com/prod/test,92,0,46
1762914853161,92,HTTP Request-0,301,Moved Permanently,Thread Group 1-56,text,true,,605,157,4,4,http://3zo6j8gdsb.execute-api.us-east-1.amazonaws.com/prod/test,92,0,46
1762914853253,213,HTTP Request-1,200,OK,Thread Group 1-56,text,true,,637,157,4,4,https://3zo6j8gdsb.execute-api.us-east-1.amazonaws.com/prod/test,213,0,95
1762914853264,297,HTTP Request,200,OK,Thread Group 1-57,text,true,,1242,314,3,3,https://3zo6j8gdsb.execute-api.us-east-1.amazonaws.com/prod/test,89,0,44
1762914853264,89,HTTP Request-0,301,Moved Permanently,Thread Group 1-57,text,true,,605,157,3,3,http://3zo6j8gdsb.execute-api.us-east-1.amazonaws.com/prod/test,89,0,44
1762914853354,207,HTTP Request-1,200,OK,Thread Group 1-57,text,true,,637,157,3,3,https://3zo6j8gdsb.execute-api.us-east-1.amazonaws.com/prod/test,207,0,90
1762914853364,307,HTTP Request,200,OK,Thread Group 1-58,text,true,,1242,314,4,4,https://3zo6j8gdsb.execute-api.us-east-1.amazonaws.com/prod/test,90,0,45
1762914853364,90,HTTP Request-0,301,Moved Permanently,Thread Group 1-58,text,true,,605,157,4,4,http://3zo6j8gdsb.execute-api.us-east-1.amazonaws.com/prod/test,90,0,45
1762914853455,216,HTTP Request-1,200,OK,Thread Group 1-58,text,true,,637,157,4,4,https://3zo6j8gdsb.execute-api.us-east-1.amazonaws.com/prod/test,216,0,95
1762914853464,297,HTTP Request,200,OK,Thread Group 1-59,text,true,,1242,314,4,4,https://3zo6j8gdsb.execute-api.us-east-1.amazonaws.com/prod/test,90,0,45
1762914853464,90,HTTP Request-0,301,Moved Permanently,Thread Group 1-59,text,true,,605,157,4,4,http://3zo6j8gdsb.execute-api.us-east-1.amazonaws.com/prod/test,90,0,45
1762914853555,206,HTTP Request-1,200,OK,Thread Group 1-59,text,true,,637,157,4,4,https://3zo6j8gdsb.execute-api.us-east-1.amazonaws.com/prod/test,206,0,88
1762914853564,307,HTTP Request,200,OK,Thread Group 1-60,text,true,,1242,314,4,4,https://3zo6j8gdsb.execute-api.us-east-1.amazonaws.com/prod/test,97,0,48
1762914853564,97,HTTP Request-0,301,Moved Permanently,Thread Group 1-60,text,true,,605,157,4,4,http://3zo6j8gdsb.execute-api.us-east-1.amazonaws.com/prod/test,97,0,48
1762914853662,209,HTTP Request-1,200,OK,Thread Group 1-60,text,true,,637,157,4,4,https://3zo6j8gdsb.execute-api.us-east-1.amazonaws.com/prod/test,209,0,89
1762914853663,306,HTTP Request,200,OK,Thread Group 1-61,text,true,,1242,314,4,4,https://3zo6j8gdsb.execute-api.us-east-1.amazonaws.com/prod/test,94,0,47
1762914853663,94,HTTP Request-0,301,Moved Permanently,Thread Group 1-61,text,true,,605,157,4,4,http://3zo6j8gdsb.execute-api.us-east-1.amazonaws.com/prod/test,94,0,47
1762914853757,212,HTTP Request-1,200,OK,Thread Group 1-61,text,true,,637,157,4,4,https://3zo6j8gdsb.execute-api.us-east-1.amazonaws.com/prod/test,212,0,92
1762914853760,325,HTTP Request,200,OK,Thread Group 1-62,text,true,,1242,314,4,4,https://3zo6j8gdsb.execute-api.us-east-1.amazonaws.com/prod/test,104,0,52
1762914853760,104,HTTP Request-0,301,Moved Permanently,Thread Group 1-62,text,true,,605,157,4,4,http://3zo6j8gdsb.execute-api.us-east-1.amazonaws.com/prod/test,104,0,52
1762914853865,220,HTTP Request-1,200,OK,Thread Group 1-62,text,true,,637,157,4,4,https://3zo6j8gdsb.execute-api.us-east-1.amazonaws.com/prod/test,220,0,97
1762914853864,310,HTTP Request,200,OK,Thread Group 1-63,text,true,,1242,314,4,4,https://3zo6j8gdsb.execute-api.us-east-1.amazonaws.com/prod/test,94,0,47
1762914853864,94,HTTP Request-0,301,Moved Permanently,Thread Group 1-63,text,true,,605,157,4,4,http://3zo6j8gdsb.execute-api.us-east-1.amazonaws.com/prod/test,94,0,47
1762914853959,215,HTTP Request-1,200,OK,Thread Group 1-63,text,true,,637,157,4,4,https://3zo6j8gdsb.execute-api.us-east-1.amazonaws.com/prod/test,215,0,94
1762914853959,321,HTTP Request,200,OK,Thread Group 1-64,text,true,,1242,314,4,4,https://3zo6j8gdsb.execute-api.us-east-1.amazonaws.com/prod/test,93,0,47
1762914853959,93,HTTP Request-0,301,Moved Permanently,Thread Group 1-64,text,true,,605,157,4,4,http://3zo6j8gdsb.execute-api.us-east-1.amazonaws.com/prod/test,93,0,47
1762914854053,227,HTTP Request-1,200,OK,Thread Group 1-64,text,true,,637,157,4,4,https://3zo6j8gdsb.execute-api.us-east-1.amazonaws.com/prod/test,227,0,92
1762914854059,317,HTTP Request,200,OK,Thread Group 1-65,text,true,,1242,314,4,4,https://3zo6j8gdsb.execute-api.us-east-1.amazonaws.com/prod/test,89,0,44
1762914854059,89,HTTP Request-0,301,Moved Permanently,Thread Group 1-65,text,true,,605,157,4,4,http://3zo6j8gdsb.execute-api.us-east-1.amazonaws.com/prod/test,89,0,44
1762914854148,228,HTTP Request-1,200,OK,Thread Group 1-65,text,true,,637,157,4,4,https://3zo6j8gdsb.execute-api.us-east-1.amazonaws.com/prod/test,228,0,98
1762914854162,295,HTTP Request,200,OK,Thread Group 1-66,text,true,,1242,314,3,3,https://3zo6j8gdsb.execute-api.us-east-1.amazonaws.com/prod/test,93,0,47
1762914854162,93,HTTP Request-0,301,Moved Permanently,Thread Group 1-66,text,true,,605,157,3,3,http://3zo6j8gdsb.execute-api.us-east-1.amazonaws.com/prod/test,93,0,47
1762914854256,201,HTTP Request-1,200,OK,Thread Group 1-66,text,true,,637,157,3,3,https://3zo6j8gdsb.execute-api.us-east-1.amazonaws.com/prod/test,201,0,84
1762914854258,308,HTTP Request,200,OK,Thread Group 1-67,text,true,,1242,314,4,4,https://3zo6j8gdsb.execute-api.us-east-1.amazonaws.com/prod/test,90,0,45
1762914854258,90,HTTP Request-0,301,Moved Permanently,Thread Group 1-67,text,true,,605,157,4,4,http://3zo6j8gdsb.execute-api.us-east-1.amazonaws.com/prod/test,90,0,45
1762914854348,218,HTTP Request-1,200,OK,Thread Group 1-67,text,true,,637,157,4,4,https://3zo6j8gdsb.execute-api.us-east-1.amazonaws.com/prod/test,218,0,87
1762914854363,311,HTTP Request,200,OK,Thread Group 1-68,text,true,,1242,314,4,4,https://3zo6j8gdsb.execute-api.us-east-1.amazonaws.com/prod/test,92,0,46
1762914854363,92,HTTP Request-0,301,Moved Permanently,Thread Group 1-68,text,true,,605,157,4,4,http://3zo6j8gdsb.execute-api.us-east-1.amazonaws.com/prod/test,92,0,46
1762914854455,219,HTTP Request-1,200,OK,Thread Group 1-68,text,true,,637,157,4,4,https://3zo6j8gdsb.execute-api.us-east-1.amazonaws.com/prod/test,219,0,92
1762914854462,298,HTTP Request,200,OK,Thread Group 1-69,text,true,,1242,314,3,3,https://3zo6j8gdsb.execute-api.us-east-1.amazonaws.com/prod/test,83,0,41
1762914854462,83,HTTP Request-0,301,Moved Permanently,Thread Group 1-69,text,true,,605,157,3,3,http://3zo6j8gdsb.execute-api.us-east-1.amazonaws.com/prod/test,83,0,41
1762914854545,215,HTTP Request-1,200,OK,Thread Group 1-69,text,true,,637,157,3,3,https://3zo6j8gdsb.execute-api.us-east-1.amazonaws.com/prod/test,215,0,94
1762914854559,306,HTTP Request,200,OK,Thread Group 1-70,text,true,,1242,314,4,4,https://3zo6j8gdsb.execute-api.us-east-1.amazonaws.com/prod/test,91,0,45
1762914854559,91,HTTP Request-0,301,Moved Permanently,Thread Group 1-70,text,true,,605,157,4,4,http://3zo6j8gdsb.execute-api.us-east-1.amazonaws.com/prod/test,91,0,45
1762914854650,215,HTTP Request-1,200,OK,Thread Group 1-70,text,true,,637,157,4,4,https://3zo6j8gdsb.execute-api.us-east-1.amazonaws.com/prod/test,215,0,94
1762914854763,310,HTTP Request,200,OK,Thread Group 1-72,text,true,,1242,314,5,5,https://3zo6j8gdsb.execute-api.us-east-1.amazonaws.com/prod/test,91,0,46
1762914854763,92,HTTP Request-0,301,Moved Permanently,Thread Group 1-72,text,true,,605,157,5,5,http://3zo6j8gdsb.execute-api.us-east-1.amazonaws.com/prod/test,91,0,46
1762914854856,217,HTTP Request-1,200,OK,Thread Group 1-72,text,true,,637,157,5,5,https://3zo6j8gdsb.execute-api.us-east-1.amazonaws.com/prod/test,217,0,96
1762914854662,424,HTTP Request,200,OK,Thread Group 1-71,text,true,,1242,314,4,4,https://3zo6j8gdsb.execute-api.us-east-1.amazonaws.com/prod/test,82,0,41
1762914854662,82,HTTP Request-0,301,Moved Permanently,Thread Group 1-71,text,true,,605,157,4,4,http://3zo6j8gdsb.execute-api.us-east-1.amazonaws.com/prod/test,82,0,41
1762914854744,342,HTTP Request-1,200,OK,Thread Group 1-71,text,true,,637,157,4,4,https://3zo6j8gdsb.execute-api.us-east-1.amazonaws.com/prod/test,342,0,102
1762914854864,319,HTTP Request,200,OK,Thread Group 1-73,text,true,,1242,314,4,4,https://3zo6j8gdsb.execute-api.us-east-1.amazonaws.com/prod/test,95,0,48
1762914854864,95,HTTP Request-0,301,Moved Permanently,Thread Group 1-73,text,true,,605,157,4,4,http://3zo6j8gdsb.execute-api.us-east-1.amazonaws.com/prod/test,95,0,48
1762914854960,223,HTTP Request-1,200,OK,Thread Group 1-73,text,true,,637,157,4,4,https://3zo6j8gdsb.execute-api.us-east-1.amazonaws.com/prod/test,223,0,99
1762914854963,318,HTTP Request,200,OK,Thread Group 1-74,text,true,,1242,314,4,4,https://3zo6j8gdsb.execute-api.us-east-1.amazonaws.com/prod/test,93,0,47
1762914854963,93,HTTP Request-0,301,Moved Permanently,Thread Group 1-74,text,true,,605,157,4,4,http://3zo6j8gdsb.execute-api.us-east-1.amazonaws.com/prod/test,93,0,47
1762914855057,224,HTTP Request-1,200,OK,Thread Group 1-74,text,true,,637,157,4,4,https://3zo6j8gdsb.execute-api.us-east-1.amazonaws.com/prod/test,224,0,103
1762914855064,316,HTTP Request,200,OK,Thread Group 1-75,text,true,,1242,314,4,4,https://3zo6j8gdsb.execute-api.us-east-1.amazonaws.com/prod/test,92,0,46
1762914855064,92,HTTP Request-0,301,Moved Permanently,Thread Group 1-75,text,true,,605,157,4,4,http://3zo6j8gdsb.execute-api.us-east-1.amazonaws.com/prod/test,92,0,46
1762914855159,221,HTTP Request-1,200,OK,Thread Group 1-75,text,true,,637,157,4,4,https://3zo6j8gdsb.execute-api.us-east-1.amazonaws.com/prod/test,221,0,98
1762914855164,308,HTTP Request,200,OK,Thread Group 1-76,text,true,,1242,314,4,4,https://3zo6j8gdsb.execute-api.us-east-1.amazonaws.com/prod/test,91,0,45
1762914855164,91,HTTP Request-0,301,Moved Permanently,Thread Group 1-76,text,true,,605,157,4,4,http://3zo6j8gdsb.execute-api.us-east-1.amazonaws.com/prod/test,91,0,45
1762914855256,216,HTTP Request-1,200,OK,Thread Group 1-76,text,true,,637,157,4,4,https://3zo6j8gdsb.execute-api.us-east-1.amazonaws.com/prod/test,216,0,95
1762914855263,308,HTTP Request,200,OK,Thread Group 1-77,text,true,,1242,314,4,4,https://3zo6j8gdsb.execute-api.us-east-1.amazonaws.com/prod/test,90,0,45
1762914855263,90,HTTP Request-0,301,Moved Permanently,Thread Group 1-77,text,true,,605,157,4,4,http://3zo6j8gdsb.execute-api.us-east-1.amazonaws.com/prod/test,90,0,45
1762914855354,217,HTTP Request-1,200,OK,Thread Group 1-77,text,true,,637,157,4,4,https://3zo6j8gdsb.execute-api.us-east-1.amazonaws.com/prod/test,217,0,94
1762914855360,321,HTTP Request,200,OK,Thread Group 1-78,text,true,,1242,314,4,4,https://3zo6j8gdsb.execute-api.us-east-1.amazonaws.com/prod/test,94,0,48
1762914855360,95,HTTP Request-0,301,Moved Permanently,Thread Group 1-78,text,true,,605,157,4,4,http://3zo6j8gdsb.execute-api.us-east-1.amazonaws.com/prod/test,94,0,48
1762914855456,225,HTTP Request-1,200,OK,Thread Group 1-78,text,true,,637,157,4,4,https://3zo6j8gdsb.execute-api.us-east-1.amazonaws.com/prod/test,225,0,101
1762914855564,317,HTTP Request,200,OK,Thread Group 1-80,text,true,,1242,314,5,5,https://3zo6j8gdsb.execute-api.us-east-1.amazonaws.com/prod/test,97,0,48
1762914855564,97,HTTP Request-0,301,Moved Permanently,Thread Group 1-80,text,true,,605,157,5,5,http://3zo6j8gdsb.execute-api.us-east-1.amazonaws.com/prod/test,97,0,48
1762914855662,219,HTTP Request-1,200,OK,Thread Group 1-80,text,true,,637,157,5,5,https://3zo6j8gdsb.execute-api.us-east-1.amazonaws.com/prod/test,219,0,93
1762914855463,444,HTTP Request,200,OK,Thread Group 1-79,text,true,,1242,314,4,4,https://3zo6j8gdsb.execute-api.us-east-1.amazonaws.com/prod/test,91,0,46
1762914855463,91,HTTP Request-0,301,Moved Permanently,Thread Group 1-79,text,true,,605,157,4,4,http://3zo6j8gdsb.execute-api.us-east-1.amazonaws.com/prod/test,91,0,46
1762914855555,352,HTTP Request-1,200,OK,Thread Group 1-79,text,true,,637,157,4,4,https://3zo6j8gdsb.execute-api.us-east-1.amazonaws.com/prod/test,352,0,96
1762914855663,325,HTTP Request,200,OK,Thread Group 1-81,text,true,,1242,314,4,4,https://3zo6j8gdsb.execute-api.us-east-1.amazonaws.com/prod/test,95,0,48
1762914855663,95,HTTP Request-0,301,Moved Permanently,Thread Group 1-81,text,true,,605,157,4,4,http://3zo6j8gdsb.execute-api.us-east-1.amazonaws.com/prod/test,95,0,48
1762914855759,229,HTTP Request-1,200,OK,Thread Group 1-81,text,true,,637,157,4,4,https://3zo6j8gdsb.execute-api.us-east-1.amazonaws.com/prod/test,229,0,99
1762914855762,349,HTTP Request,200,OK,Thread Group 1-82,text,true,,1242,314,4,4,https://3zo6j8gdsb.execute-api.us-east-1.amazonaws.com/prod/test,116,0,47
1762914855762,116,HTTP Request-0,301,Moved Permanently,Thread Group 1-82,text,true,,605,157,4,4,http://3zo6j8gdsb.execute-api.us-east-1.amazonaws.com/prod/test,116,0,47
1762914855879,232,HTTP Request-1,200,OK,Thread Group 1-82,text,true,,637,157,4,4,https://3zo6j8gdsb.execute-api.us-east-1.amazonaws.com/prod/test,232,0,103
1762914855864,310,HTTP Request,200,OK,Thread Group 1-83,text,true,,1242,314,4,4,https://3zo6j8gdsb.execute-api.us-east-1.amazonaws.com/prod/test,85,0,43
1762914855864,86,HTTP Request-0,301,Moved Permanently,Thread Group 1-83,text,true,,605,157,4,4,http://3zo6j8gdsb.execute-api.us-east-1.amazonaws.com/prod/test,85,0,43
1762914855950,224,HTTP Request-1,200,OK,Thread Group 1-83,text,true,,637,157,4,4,https://3zo6j8gdsb.execute-api.us-east-1.amazonaws.com/prod/test,224,0,101
1762914855965,307,HTTP Request,200,OK,Thread Group 1-84,text,true,,1242,314,4,4,https://3zo6j8gdsb.execute-api.us-east-1.amazonaws.com/prod/test,86,0,44
1762914855965,86,HTTP Request-0,301,Moved Permanently,Thread Group 1-84,text,true,,605,157,4,4,http://3zo6j8gdsb.execute-api.us-east-1.amazonaws.com/prod/test,86,0,44
1762914856052,220,HTTP Request-1,200,OK,Thread Group 1-84,text,true,,637,157,4,4,https://3zo6j8gdsb.execute-api.us-east-1.amazonaws.com/prod/test,220,0,97
1762914856163,317,HTTP Request,200,OK,Thread Group 1-86,text,true,,1242,314,5,5,https://3zo6j8gdsb.execute-api.us-east-1.amazonaws.com/prod/test,97,0,48
1762914856163,97,HTTP Request-0,301,Moved Permanently,Thread Group 1-86,text,true,,605,157,5,5,http://3zo6j8gdsb.execute-api.us-east-1.amazonaws.com/prod/test,97,0,48
1762914856261,219,HTTP Request-1,200,OK,Thread Group 1-86,text,true,,637,157,5,5,https://3zo6j8gdsb.execute-api.us-east-1.amazonaws.com/prod/test,219,0,95
1762914856064,423,HTTP Request,200,OK,Thread Group 1-85,text,true,,1242,314,4,4,https://3zo6j8gdsb.execute-api.us-east-1.amazonaws.com/prod/test,92,0,46
1762914856064,92,HTTP Request-0,301,Moved Permanently,Thread Group 1-85,text,true,,605,157,4,4,http://3zo6j8gdsb.execute-api.us-east-1.amazonaws.com/prod/test,92,0,46
1762914856157,330,HTTP Request-1,200,OK,Thread Group 1-85,text,true,,637,157,4,4,https://3zo6j8gdsb.execute-api.us-east-1.amazonaws.com/prod/test,330,0,94
1762914856264,308,HTTP Request,200,OK,Thread Group 1-87,text,true,,1242,314,4,4,https://3zo6j8gdsb.execute-api.us-east-1.amazonaws.com/prod/test,88,0,44
1762914856264,88,HTTP Request-0,301,Moved Permanently,Thread Group 1-87,text,true,,605,157,4,4,http://3zo6j8gdsb.execute-api.us-east-1.amazonaws.com/prod/test,88,0,44
1762914856353,219,HTTP Request-1,200,OK,Thread Group 1-87,text,true,,637,157,4,4,https://3zo6j8gdsb.execute-api.us-east-1.amazonaws.com/prod/test,219,0,94
1762914856363,306,HTTP Request,200,OK,Thread Group 1-88,text,true,,1242,314,4,4,https://3zo6j8gdsb.execute-api.us-east-1.amazonaws.com/prod/test,98,0,49
1762914856363,98,HTTP Request-0,301,Moved Permanently,Thread Group 1-88,text,true,,605,157,4,4,http://3zo6j8gdsb.execute-api.us-east-1.amazonaws.com/prod/test,98,0,49
1762914856462,207,HTTP Request-1,200,OK,Thread Group 1-88,text,true,,637,157,4,4,https://3zo6j8gdsb.execute-api.us-east-1.amazonaws.com/prod/test,207,0,88
1762914856463,309,HTTP Request,200,OK,Thread Group 1-89,text,true,,1242,314,4,4,https://3zo6j8gdsb.execute-api.us-east-1.amazonaws.com/prod/test,86,0,42
1762914856463,86,HTTP Request-0,301,Moved Permanently,Thread Group 1-89,text,true,,605,157,4,4,http://3zo6j8gdsb.execute-api.us-east-1.amazonaws.com/prod/test,86,0,42
1762914856550,222,HTTP Request-1,200,OK,Thread Group 1-89,text,true,,637,157,4,4,https://3zo6j8gdsb.execute-api.us-east-1.amazonaws.com/prod/test,222,0,97
1762914856564,305,HTTP Request,200,OK,Thread Group 1-90,text,true,,1242,314,4,4,https://3zo6j8gdsb.execute-api.us-east-1.amazonaws.com/prod/test,85,0,43
1762914856564,85,HTTP Request-0,301,Moved Permanently,Thread Group 1-90,text,true,,605,157,4,4,http://3zo6j8gdsb.execute-api.us-east-1.amazonaws.com/prod/test,85,0,43
1762914856650,219,HTTP Request-1,200,OK,Thread Group 1-90,text,true,,637,157,4,4,https://3zo6j8gdsb.execute-api.us-east-1.amazonaws.com/prod/test,219,0,97
1762914856663,316,HTTP Request,200,OK,Thread Group 1-91,text,true,,1242,314,4,4,https://3zo6j8gdsb.execute-api.us-east-1.amazonaws.com/prod/test,85,0,43
1762914856663,85,HTTP Request-0,301,Moved Permanently,Thread Group 1-91,text,true,,605,157,4,4,http://3zo6j8gdsb.execute-api.us-east-1.amazonaws.com/prod/test,85,0,43
1762914856749,230,HTTP Request-1,200,OK,Thread Group 1-91,text,true,,637,157,4,4,https://3zo6j8gdsb.execute-api.us-east-1.amazonaws.com/prod/test,230,0,101
1762914856761,322,HTTP Request,200,OK,Thread Group 1-92,text,true,,1242,314,4,4,https://3zo6j8gdsb.execute-api.us-east-1.amazonaws.com/prod/test,92,0,46
1762914856761,92,HTTP Request-0,301,Moved Permanently,Thread Group 1-92,text,true,,605,157,4,4,http://3zo6j8gdsb.execute-api.us-east-1.amazonaws.com/prod/test,92,0,46
1762914856854,229,HTTP Request-1,200,OK,Thread Group 1-92,text,true,,637,157,4,4,https://3zo6j8gdsb.execute-api.us-east-1.amazonaws.com/prod/test,229,0,97
1762914856863,308,HTTP Request,200,OK,Thread Group 1-93,text,true,,1242,314,4,4,https://3zo6j8gdsb.execute-api.us-east-1.amazonaws.com/prod/test,91,0,46
1762914856863,91,HTTP Request-0,301,Moved Permanently,Thread Group 1-93,text,true,,605,157,4,4,http://3zo6j8gdsb.execute-api.us-east-1.amazonaws.com/prod/test,91,0,46
1762914856954,217,HTTP Request-1,200,OK,Thread Group 1-93,text,true,,637,157,4,4,https://3zo6j8gdsb.execute-api.us-east-1.amazonaws.com/prod/test,217,0,95
1762914856960,314,HTTP Request,200,OK,Thread Group 1-94,text,true,,1242,314,4,4,https://3zo6j8gdsb.execute-api.us-east-1.amazonaws.com/prod/test,99,0,49
1762914856960,99,HTTP Request-0,301,Moved Permanently,Thread Group 1-94,text,true,,605,157,4,4,http://3zo6j8gdsb.execute-api.us-east-1.amazonaws.com/prod/test,99,0,49
1762914857060,214,HTTP Request-1,200,OK,Thread Group 1-94,text,true,,637,157,4,4,https://3zo6j8gdsb.execute-api.us-east-1.amazonaws.com/prod/test,214,0,93
1762914857059,318,HTTP Request,200,OK,Thread Group 1-95,text,true,,1242,314,4,4,https://3zo6j8gdsb.execute-api.us-east-1.amazonaws.com/prod/test,93,0,46
1762914857059,93,HTTP Request-0,301,Moved Permanently,Thread Group 1-95,text,true,,605,157,4,4,http://3zo6j8gdsb.execute-api.us-east-1.amazonaws.com/prod/test,93,0,46
1762914857153,224,HTTP Request-1,200,OK,Thread Group 1-95,text,true,,637,157,4,4,https://3zo6j8gdsb.execute-api.us-east-1.amazonaws.com/prod/test,224,0,95
1762914857164,311,HTTP Request,200,OK,Thread Group 1-96,text,true,,1242,314,4,4,https://3zo6j8gdsb.execute-api.us-east-1.amazonaws.com/prod/test,85,0,43
1762914857164,85,HTTP Request-0,301,Moved Permanently,Thread Group 1-96,text,true,,605,157,4,4,http://3zo6j8gdsb.execute-api.us-east-1.amazonaws.com/prod/test,85,0,43
1762914857250,225,HTTP Request-1,200,OK,Thread Group 1-96,text,true,,637,157,4,4,https://3zo6j8gdsb.execute-api.us-east-1.amazonaws.com/prod/test,225,0,95
1762914857259,320,HTTP Request,200,OK,Thread Group 1-97,text,true,,1242,314,4,4,https://3zo6j8gdsb.execute-api.us-east-1.amazonaws.com/prod/test,99,0,50
1762914857259,100,HTTP Request-0,301,Moved Permanently,Thread Group 1-97,text,true,,605,157,4,4,http://3zo6j8gdsb.execute-api.us-east-1.amazonaws.com/prod/test,99,0,50
1762914857359,220,HTTP Request-1,200,OK,Thread Group 1-97,text,true,,637,157,4,4,https://3zo6j8gdsb.execute-api.us-east-1.amazonaws.com/prod/test,220,0,99
1762914857363,316,HTTP Request,200,OK,Thread Group 1-98,text,true,,1242,314,3,3,https://3zo6j8gdsb.execute-api.us-east-1.amazonaws.com/prod/test,86,0,43
1762914857363,86,HTTP Request-0,301,Moved Permanently,Thread Group 1-98,text,true,,605,157,3,3,http://3zo6j8gdsb.execute-api.us-east-1.amazonaws.com/prod/test,86,0,43
1762914857450,229,HTTP Request-1,200,OK,Thread Group 1-98,text,true,,637,157,3,3,https://3zo6j8gdsb.execute-api.us-east-1.amazonaws.com/prod/test,229,0,102
1762914857459,307,HTTP Request,200,OK,Thread Group 1-99,text,true,,1242,314,2,2,https://3zo6j8gdsb.execute-api.us-east-1.amazonaws.com/prod/test,90,0,45
1762914857459,90,HTTP Request-0,301,Moved Permanently,Thread Group 1-99,text,true,,605,157,2,2,http://3zo6j8gdsb.execute-api.us-east-1.amazonaws.com/prod/test,90,0,45
1762914857550,216,HTTP Request-1,200,OK,Thread Group 1-99,text,true,,637,157,2,2,https://3zo6j8gdsb.execute-api.us-east-1.amazonaws.com/prod/test,216,0,96
1762914857559,320,HTTP Request,200,OK,Thread Group 1-100,text,true,,1242,314,1,1,https://3zo6j8gdsb.execute-api.us-east-1.amazonaws.com/prod/test,90,0,45
1762914857559,90,HTTP Request-0,301,Moved Permanently,Thread Group 1-100,text,true,,605,157,1,1,http://3zo6j8gdsb.execute-api.us-east-1.amazonaws.com/prod/test,90,0,45
1762914857649,230,HTTP Request-1,200,OK,Thread Group 1-100,text,true,,637,157,1,1,https://3zo6j8gdsb.execute-api.us-east-1.amazonaws.com/prod/test,230,0,101
